documento,categoria,prioridade,responsavel,fonte_manuais,arquivo_local,codigo_interno,uso_do_formulario,acesso_requerido,local_vigente,local_arquivo_morto,retencao_minima,drive_doc_id,drive_doc_url,hyperlink_formula,status,revisao,vigencia,ultima_atualizacao,observacoes
Cadastro de funções requeridas,Governança,Alta,GR + DOPS,"MGO 1.4, MGO 2.1, SOP 1.6.1",135/document_pack/01_cadastro_de_funes_requeridas.md,FRM-EXT-001,Controle de governança e conformidade documental,GESTÃO + QUALIDADE,Drive/SGQ/Documentos_Controlados/Formularios_Vigentes,Drive/SGQ/Arquivo_Morto + backup NAS_SGQ,36 meses,1-Honth0IJPz8-QyxD1Ap72dyW1-WWlsGvO8WN8TvZn8,https://docs.google.com/document/d/1-Honth0IJPz8-QyxD1Ap72dyW1-WWlsGvO8WN8TvZn8/edit,"=HYPERLINK(""https://docs.google.com/document/d/1-Honth0IJPz8-QyxD1Ap72dyW1-WWlsGvO8WN8TvZn8/edit"",""Abrir"")",Não iniciado,,,,
Registro de delegações e substituições,Governança,Alta,GR,"MGO 2.5, MGM 2.3",135/document_pack/02_registro_de_delegaes_e_substituies.md,FRM-EXT-002,Controle de governança e conformidade documental,GESTÃO + QUALIDADE,Drive/SGQ/Documentos_Controlados/Formularios_Vigentes,Drive/SGQ/Arquivo_Morto + backup NAS_SGQ,36 meses,1B-mY_Y5J2GHpu_kg2ZQrEYK4nKO6obJIUBPv7bkwCoQ,https://docs.google.com/document/d/1B-mY_Y5J2GHpu_kg2ZQrEYK4nKO6obJIUBPv7bkwCoQ/edit,"=HYPERLINK(""https://docs.google.com/document/d/1B-mY_Y5J2GHpu_kg2ZQrEYK4nKO6obJIUBPv7bkwCoQ/edit"",""Abrir"")",Não iniciado,,,,
Lista de autorizados para controle operacional,Governança,Alta,DOPS,"MGO 2.3, MGO 3.1.1",135/document_pack/03_lista_de_autorizados_para_controle_operacional.md,FRM-EXT-003,Controle de governança e conformidade documental,GESTÃO + QUALIDADE,Drive/SGQ/Documentos_Controlados/Formularios_Vigentes,Drive/SGQ/Arquivo_Morto + backup NAS_SGQ,36 meses,11pEjyPNhTX2hENvmMY8Q9YEyCvdwNOU9A_UuAiGGjf4,https://docs.google.com/document/d/11pEjyPNhTX2hENvmMY8Q9YEyCvdwNOU9A_UuAiGGjf4/edit,"=HYPERLINK(""https://docs.google.com/document/d/11pEjyPNhTX2hENvmMY8Q9YEyCvdwNOU9A_UuAiGGjf4/edit"",""Abrir"")",Não iniciado,,,,
Índice mestre documental,Governança,Alta,DOPS + Qualidade,"MGO 1.4, MGM 1.4.1, MGM 1.8",135/document_pack/04_ndice_mestre_documental.md,FRM-EXT-004,Controle de governança e conformidade documental,GESTÃO + QUALIDADE,Drive/SGQ/Documentos_Controlados/Formularios_Vigentes,Drive/SGQ/Arquivo_Morto + backup NAS_SGQ,36 meses,142Rdw8-AKRL_VDYdnWMzhqljmuqSPhAZ2R4JIz5a0II,https://docs.google.com/document/d/142Rdw8-AKRL_VDYdnWMzhqljmuqSPhAZ2R4JIz5a0II/edit,"=HYPERLINK(""https://docs.google.com/document/d/142Rdw8-AKRL_VDYdnWMzhqljmuqSPhAZ2R4JIz5a0II/edit"",""Abrir"")",Não iniciado,,,,
Controle de revisões e distribuição,Governança,Alta,Qualidade,"MGO 1.5, MGO 1.6, SOP 1.6",135/document_pack/05_controle_de_revises_e_distribuio.md,FRM-EXT-005,Controle de governança e conformidade documental,GESTÃO + QUALIDADE,Drive/SGQ/Documentos_Controlados/Formularios_Vigentes,Drive/SGQ/Arquivo_Morto + backup NAS_SGQ,36 meses,1KVzgmunLcA15o4qLb9EFjIzn3nQtOHKjhlrnyxoyTHg,https://docs.google.com/document/d/1KVzgmunLcA15o4qLb9EFjIzn3nQtOHKjhlrnyxoyTHg/edit,"=HYPERLINK(""https://docs.google.com/document/d/1KVzgmunLcA15o4qLb9EFjIzn3nQtOHKjhlrnyxoyTHg/edit"",""Abrir"")",Não iniciado,,,,
LPE ou controle eletrônico equivalente,Governança,Alta,Qualidade,"MGO 1.8, SOP 1.8",135/document_pack/06_lpe_ou_controle_eletrnico_equivalente.md,FRM-EXT-006,Controle de governança e conformidade documental,GESTÃO + QUALIDADE,Drive/SGQ/Documentos_Controlados/Formularios_Vigentes,Drive/SGQ/Arquivo_Morto + backup NAS_SGQ,36 meses,1R-5WadeNv3W8WzTqhS4wGOopfKErvOcrCHvjrB-h7_o,https://docs.google.com/document/d/1R-5WadeNv3W8WzTqhS4wGOopfKErvOcrCHvjrB-h7_o/edit,"=HYPERLINK(""https://docs.google.com/document/d/1R-5WadeNv3W8WzTqhS4wGOopfKErvOcrCHvjrB-h7_o/edit"",""Abrir"")",Não iniciado,,,,
Pacote EO/COA/SEI vigente,Regulatório,Alta,GR,"MGO 1.4, MGO pendências Seção 1, SOP 1.6.1",135/document_pack/07_pacote_eo_coa_sei_vigente.md,FRM-EXT-007,Comprovação regulatória e rastreabilidade ANAC,GESTÃO + QUALIDADE,Drive/SGQ/Documentos_Controlados/Formularios_Vigentes,Drive/SGQ/Arquivo_Morto + backup NAS_SGQ,36 meses,18N13GkJwDQFgIXKI-dpmoXDQyV3hWlPg7hBwCD5F5hc,https://docs.google.com/document/d/18N13GkJwDQFgIXKI-dpmoXDQyV3hWlPg7hBwCD5F5hc/edit,"=HYPERLINK(""https://docs.google.com/document/d/18N13GkJwDQFgIXKI-dpmoXDQyV3hWlPg7hBwCD5F5hc/edit"",""Abrir"")",Não iniciado,,,,
Lista de bases e contatos operacionais,Operações,Alta,DOPS,"MGO 1.4, SOP 1.6.1, SOP 5",135/document_pack/08_lista_de_bases_e_contatos_operacionais.md,FRM-EXT-008,"Suporte à liberação, execução e registro de missão",DISPATCH + BASE,Drive/SGQ/Documentos_Controlados/Formularios_Vigentes,Drive/SGQ/Arquivo_Morto + backup NAS_SGQ,36 meses,1cW60hEYccKxKSUTypzWhP15mpBO5iUTW8qgLIGe-M2Q,https://docs.google.com/document/d/1cW60hEYccKxKSUTypzWhP15mpBO5iUTW8qgLIGe-M2Q/edit,"=HYPERLINK(""https://docs.google.com/document/d/1cW60hEYccKxKSUTypzWhP15mpBO5iUTW8qgLIGe-M2Q/edit"",""Abrir"")",Não iniciado,,,,
Cadastro de tripulantes,Operações,Alta,DOPS,"MGO 1.4, MGO 2.6, SOP 1.6.1",135/document_pack/09_cadastro_de_tripulantes.md,FRM-EXT-009,"Suporte à liberação, execução e registro de missão",DISPATCH + BASE,Drive/SGQ/Documentos_Controlados/Formularios_Vigentes,Drive/SGQ/Arquivo_Morto + backup NAS_SGQ,36 meses,1UN4ptdxlFUcehoevdRftFmoRGOXLfSG8lazr5YO2-H4,https://docs.google.com/document/d/1UN4ptdxlFUcehoevdRftFmoRGOXLfSG8lazr5YO2-H4/edit,"=HYPERLINK(""https://docs.google.com/document/d/1UN4ptdxlFUcehoevdRftFmoRGOXLfSG8lazr5YO2-H4/edit"",""Abrir"")",Não iniciado,,,,
Controle de qualificação de tripulantes,Operações,Alta,DOPS + Treinamento,"MGO 4.2 a 4.6, PTO 1.7",135/document_pack/10_controle_de_qualificao_de_tripulantes.md,FRM-EXT-010,"Suporte à liberação, execução e registro de missão",DISPATCH + BASE,Drive/SGQ/Documentos_Controlados/Formularios_Vigentes,Drive/SGQ/Arquivo_Morto + backup NAS_SGQ,36 meses,1vYEvc_ljvXAIdhH030vak70AX4DLisJB5aeEBpUT9MY,https://docs.google.com/document/d/1vYEvc_ljvXAIdhH030vak70AX4DLisJB5aeEBpUT9MY/edit,"=HYPERLINK(""https://docs.google.com/document/d/1vYEvc_ljvXAIdhH030vak70AX4DLisJB5aeEBpUT9MY/edit"",""Abrir"")",Não iniciado,,,,
Matriz de treinamento e elegibilidade,Operações,Alta,Treinamento,"PTO 1.7.1, PTO 2",135/document_pack/11_matriz_de_treinamento_e_elegibilidade.md,FRM-EXT-011,"Suporte à liberação, execução e registro de missão",DISPATCH + BASE,Drive/SGQ/Documentos_Controlados/Formularios_Vigentes,Drive/SGQ/Arquivo_Morto + backup NAS_SGQ,60 meses,1hL8uLpWH-4HE3XwaY_Ud2PT6B6UBOGKUdoBhOHwdLh8,https://docs.google.com/document/d/1hL8uLpWH-4HE3XwaY_Ud2PT6B6UBOGKUdoBhOHwdLh8/edit,"=HYPERLINK(""https://docs.google.com/document/d/1hL8uLpWH-4HE3XwaY_Ud2PT6B6UBOGKUdoBhOHwdLh8/edit"",""Abrir"")",Não iniciado,,,,
Lista de provedores/instrutores/verificadores,Operações,Alta,Treinamento,"PTO 1.5, PTO 2.5, MGO 4.5",135/document_pack/12_lista_de_provedores_instrutores_verificadores.md,FRM-EXT-012,"Suporte à liberação, execução e registro de missão",DISPATCH + BASE,Drive/SGQ/Documentos_Controlados/Formularios_Vigentes,Drive/SGQ/Arquivo_Morto + backup NAS_SGQ,36 meses,1cMBcC37kH_h0heM6N8hgoiCxuZOO5-PeYRbd-VrEQm0,https://docs.google.com/document/d/1cMBcC37kH_h0heM6N8hgoiCxuZOO5-PeYRbd-VrEQm0/edit,"=HYPERLINK(""https://docs.google.com/document/d/1cMBcC37kH_h0heM6N8hgoiCxuZOO5-PeYRbd-VrEQm0/edit"",""Abrir"")",Não iniciado,,,,
Dossiê de provedores e contratos de treinamento,Operações,Média,GR + Treinamento,"PTO 1.7.2, PTO 2.5",135/document_pack/13_dossi_de_provedores_e_contratos_de_treinamento.md,FRM-EXT-013,"Suporte à liberação, execução e registro de missão",DISPATCH + BASE,Drive/SGQ/Documentos_Controlados/Formularios_Vigentes,Drive/SGQ/Arquivo_Morto + backup NAS_SGQ,60 meses após término contratual,12QwMh9Kb2tKxgnQACjcOgmiM7yqBHd-q_3NaGRCJDGs,https://docs.google.com/document/d/12QwMh9Kb2tKxgnQACjcOgmiM7yqBHd-q_3NaGRCJDGs/edit,"=HYPERLINK(""https://docs.google.com/document/d/12QwMh9Kb2tKxgnQACjcOgmiM7yqBHd-q_3NaGRCJDGs/edit"",""Abrir"")",Não iniciado,,,,
Registro de treinamento individual,Operações,Alta,Treinamento,"PTO 1.7, PTO 1.7.2",135/document_pack/14_registro_de_treinamento_individual.md,FRM-EXT-014,"Suporte à liberação, execução e registro de missão",DISPATCH + BASE,Drive/SGQ/Documentos_Controlados/Formularios_Vigentes,Drive/SGQ/Arquivo_Morto + backup NAS_SGQ,60 meses,1BBcNAwgX05Oe66TxMGDY5WFClQ0Ibb5Vp6fExF2j53U,https://docs.google.com/document/d/1BBcNAwgX05Oe66TxMGDY5WFClQ0Ibb5Vp6fExF2j53U/edit,"=HYPERLINK(""https://docs.google.com/document/d/1BBcNAwgX05Oe66TxMGDY5WFClQ0Ibb5Vp6fExF2j53U/edit"",""Abrir"")",Não iniciado,,,,
Escala planejada e escala realizada,Operações,Alta,DOPS,MGO 5.3,135/document_pack/15_escala_planejada_e_escala_realizada.md,FRM-EXT-015,"Suporte à liberação, execução e registro de missão",DISPATCH + BASE,Drive/SGQ/Documentos_Controlados/Formularios_Vigentes,Drive/SGQ/Arquivo_Morto + backup NAS_SGQ,36 meses,1r9r04KwpA89GxPnbF3MBAyXggE9vQoIDpN0c-XTA1u8,https://docs.google.com/document/d/1r9r04KwpA89GxPnbF3MBAyXggE9vQoIDpN0c-XTA1u8/edit,"=HYPERLINK(""https://docs.google.com/document/d/1r9r04KwpA89GxPnbF3MBAyXggE9vQoIDpN0c-XTA1u8/edit"",""Abrir"")",Não iniciado,,,,
Controle de jornada e descanso,Operações,Alta,DOPS,"MGO 5.2, MGO 5.7",135/document_pack/16_controle_de_jornada_e_descanso.md,FRM-EXT-016,"Suporte à liberação, execução e registro de missão",DISPATCH + BASE,Drive/SGQ/Documentos_Controlados/Formularios_Vigentes,Drive/SGQ/Arquivo_Morto + backup NAS_SGQ,60 meses,19GipMPNx41LGqoanoOfxZ_34m8aCKJDdNOgUpY_UCvg,https://docs.google.com/document/d/19GipMPNx41LGqoanoOfxZ_34m8aCKJDdNOgUpY_UCvg/edit,"=HYPERLINK(""https://docs.google.com/document/d/19GipMPNx41LGqoanoOfxZ_34m8aCKJDdNOgUpY_UCvg/edit"",""Abrir"")",Não iniciado,,,,
Registro de extrapolação de jornada,Operações,Média,GR,MGO 5.5,135/document_pack/17_registro_de_extrapolao_de_jornada.md,FRM-EXT-017,"Suporte à liberação, execução e registro de missão",DISPATCH + BASE,Drive/SGQ/Documentos_Controlados/Formularios_Vigentes,Drive/SGQ/Arquivo_Morto + backup NAS_SGQ,60 meses,1xkbD6og_BdY9TZPbwFWFxtaOYr4jDNfRzCZaaE-RMXo,https://docs.google.com/document/d/1xkbD6og_BdY9TZPbwFWFxtaOYr4jDNfRzCZaaE-RMXo/edit,"=HYPERLINK(""https://docs.google.com/document/d/1xkbD6og_BdY9TZPbwFWFxtaOYr4jDNfRzCZaaE-RMXo/edit"",""Abrir"")",Não iniciado,,,,
Registro de ocorrências de fadiga,Operações,Média,DOPS,"MGO 5.6, MGO 5.7, Anexo 13-D",135/document_pack/18_registro_de_ocorrncias_de_fadiga.md,FRM-EXT-018,"Suporte à liberação, execução e registro de missão",DISPATCH + BASE,Drive/SGQ/Documentos_Controlados/Formularios_Vigentes,Drive/SGQ/Arquivo_Morto + backup NAS_SGQ,60 meses,1VQRrP5GrjFtXZ4yE3E2CUKUC9GsqM9g2gx4CmYZvk_E,https://docs.google.com/document/d/1VQRrP5GrjFtXZ4yE3E2CUKUC9GsqM9g2gx4CmYZvk_E/edit,"=HYPERLINK(""https://docs.google.com/document/d/1VQRrP5GrjFtXZ4yE3E2CUKUC9GsqM9g2gx4CmYZvk_E/edit"",""Abrir"")",Não iniciado,,,,
Registro de liberação/despacho simplificado,Operações,Alta,DOPS,"MGO 3.3.5, MGO 3.7, Anexo 13-C",135/document_pack/19_registro_de_liberao_despacho_simplificado.md,FRM-EXT-019,"Suporte à liberação, execução e registro de missão",DISPATCH + PILOTO (consulta),Drive/OPS/Formularios_Vigentes + copia a bordo (quando aplicável),"Drive/OPS/Arquivo_Morto + Base (via física, se aplicável)",60 meses,10FJOzUTrHmnD4GSc00esoX5uroKv_6i-tisWhYX10qw,https://docs.google.com/document/d/10FJOzUTrHmnD4GSc00esoX5uroKv_6i-tisWhYX10qw/edit,"=HYPERLINK(""https://docs.google.com/document/d/10FJOzUTrHmnD4GSc00esoX5uroKv_6i-tisWhYX10qw/edit"",""Abrir"")",Não iniciado,,,,
Registro de decisões operacionais em missão,Operações,Alta,DOPS,"MGO 3.4, MGO 3.7",135/document_pack/20_registro_de_decises_operacionais_em_misso.md,FRM-EXT-020,"Suporte à liberação, execução e registro de missão",DISPATCH + PILOTO (consulta),Drive/OPS/Formularios_Vigentes + copia a bordo (quando aplicável),"Drive/OPS/Arquivo_Morto + Base (via física, se aplicável)",36 meses,1TgGr_uk6zBsguLoc4MV8XOP14l0uCNH0pKx2x5irtbo,https://docs.google.com/document/d/1TgGr_uk6zBsguLoc4MV8XOP14l0uCNH0pKx2x5irtbo/edit,"=HYPERLINK(""https://docs.google.com/document/d/1TgGr_uk6zBsguLoc4MV8XOP14l0uCNH0pKx2x5irtbo/edit"",""Abrir"")",Não iniciado,,,,
Lista de passageiros,Operações,Alta,PIC + Base,"MGO 6.4, Anexo 13-A",135/document_pack/21_lista_de_passageiros.md,FRM-EXT-021,"Suporte à liberação, execução e registro de missão",PILOTO + DISPATCH + BASE,Drive/OPS/Formularios_Vigentes + copia a bordo (quando aplicável),"Drive/OPS/Arquivo_Morto + Base (via física, se aplicável)",60 meses,13WIzQKFJHcA44ZS5AjSSeufIXYihajLAu5UX6SnRlMc,https://docs.google.com/document/d/13WIzQKFJHcA44ZS5AjSSeufIXYihajLAu5UX6SnRlMc/edit,"=HYPERLINK(""https://docs.google.com/document/d/13WIzQKFJHcA44ZS5AjSSeufIXYihajLAu5UX6SnRlMc/edit"",""Abrir"")",Não iniciado,,,,
Cartão de instruções ao passageiro (modelo controlado),Operações,Média,DOPS,"MGO 6.5, Anexo 13-F",135/document_pack/22_carto_de_instrues_ao_passageiro.md,FRM-EXT-022,"Suporte à liberação, execução e registro de missão",PILOTO + DISPATCH + BASE,Drive/OPS/Formularios_Vigentes + copia a bordo (quando aplicável),"Drive/OPS/Arquivo_Morto + Base (via física, se aplicável)",36 meses,1A4iUojtKZl3kXQATwIRmxcJM_jFA-G-lRSpehF66RWg,https://docs.google.com/document/d/1A4iUojtKZl3kXQATwIRmxcJM_jFA-G-lRSpehF66RWg/edit,"=HYPERLINK(""https://docs.google.com/document/d/1A4iUojtKZl3kXQATwIRmxcJM_jFA-G-lRSpehF66RWg/edit"",""Abrir"")",Não iniciado,,,,
Lista controlada de aeronaves,Aeronave,Alta,DOPS + Manutenção,"MGO 1.4, SOP 1.6.1, MGM 1.8",135/document_pack/23_lista_controlada_de_aeronaves.md,FRM-EXT-023,Controle técnico-operacional da aeronave,DISPATCH + MANUTENÇÃO,Drive/OPS/Aeronaves/Formularios_Vigentes,Drive/SGQ/Arquivo_Morto + backup NAS_SGQ,36 meses,1gVHZRcQgQ7ztKH4iKikib1m17_fTsRRLO5hb27hVNA0,https://docs.google.com/document/d/1gVHZRcQgQ7ztKH4iKikib1m17_fTsRRLO5hb27hVNA0/edit,"=HYPERLINK(""https://docs.google.com/document/d/1gVHZRcQgQ7ztKH4iKikib1m17_fTsRRLO5hb27hVNA0/edit"",""Abrir"")",Não iniciado,,,,
Master Control Sheet de frota,Aeronave,Alta,DOPS,MGM 1.11,135/document_pack/24_master_control_sheet_de_frota.md,FRM-EXT-024,Controle técnico-operacional da aeronave,DISPATCH + MANUTENÇÃO,Drive/OPS/Aeronaves/Formularios_Vigentes,Drive/SGQ/Arquivo_Morto + backup NAS_SGQ,36 meses,11vU_1pYo7SB7fIvTB8SOYGro_AiLCgTNtf36PMylHT0,https://docs.google.com/document/d/11vU_1pYo7SB7fIvTB8SOYGro_AiLCgTNtf36PMylHT0/edit,"=HYPERLINK(""https://docs.google.com/document/d/11vU_1pYo7SB7fIvTB8SOYGro_AiLCgTNtf36PMylHT0/edit"",""Abrir"")",Não iniciado,,,,
Dossiê de entrada/saída de aeronave,Aeronave,Média,DOPS + GR,MGM 1.11,135/document_pack/25_dossi_de_entrada_sada_de_aeronave.md,FRM-EXT-025,Controle técnico-operacional da aeronave,DISPATCH + MANUTENÇÃO,Drive/OPS/Aeronaves/Formularios_Vigentes,Drive/SGQ/Arquivo_Morto + backup NAS_SGQ,36 meses,1OUpJ6510I4MurkIa7w_TANPvvDdQDJoLZo2zJxqnPlI,https://docs.google.com/document/d/1OUpJ6510I4MurkIa7w_TANPvvDdQDJoLZo2zJxqnPlI/edit,"=HYPERLINK(""https://docs.google.com/document/d/1OUpJ6510I4MurkIa7w_TANPvvDdQDJoLZo2zJxqnPlI/edit"",""Abrir"")",Não iniciado,,,,
Registro de configuração e aeronavegabilidade,Aeronave,Alta,Manutenção,"MGO 8.5, SOP 3, SOP 6",135/document_pack/26_registro_de_configurao_e_aeronavegabilidade.md,FRM-EXT-026,Controle técnico-operacional da aeronave,DISPATCH + MANUTENÇÃO,Drive/OPS/Aeronaves/Formularios_Vigentes,Drive/SGQ/Arquivo_Morto + backup NAS_SGQ,36 meses,1bPIWIOny7HbwIWitH89WV3tQUclIn4Fjt09_6LHOMxo,https://docs.google.com/document/d/1bPIWIOny7HbwIWitH89WV3tQUclIn4Fjt09_6LHOMxo/edit,"=HYPERLINK(""https://docs.google.com/document/d/1bPIWIOny7HbwIWitH89WV3tQUclIn4Fjt09_6LHOMxo/edit"",""Abrir"")",Não iniciado,,,,
Ficha de pesagem vigente,Aeronave,Alta,Manutenção,"MGO 8.5, MGO 8.6",135/document_pack/27_ficha_de_pesagem_vigente.md,FRM-EXT-027,Controle técnico-operacional da aeronave,DISPATCH + MANUTENÇÃO,Drive/OPS/Aeronaves/Formularios_Vigentes,Drive/SGQ/Arquivo_Morto + backup NAS_SGQ,36 meses,1kQotA0LXU6ufrl4rfLZBRYVjg6L2hk7bfnv6LhxgARw,https://docs.google.com/document/d/1kQotA0LXU6ufrl4rfLZBRYVjg6L2hk7bfnv6LhxgARw/edit,"=HYPERLINK(""https://docs.google.com/document/d/1kQotA0LXU6ufrl4rfLZBRYVjg6L2hk7bfnv6LhxgARw/edit"",""Abrir"")",Não iniciado,,,,
Formulário de peso e balanceamento,Aeronave,Alta,PIC,"SOP 6.3.1, MGO 8.3, Anexo 13-B",135/document_pack/28_formulrio_de_peso_e_balanceamento.md,FRM-EXT-028,Controle técnico-operacional da aeronave,PILOTO + DISPATCH + BASE,Drive/OPS/Formularios_Vigentes + copia a bordo (quando aplicável),"Drive/OPS/Arquivo_Morto + Base (via física, se aplicável)",60 meses,1zmx8a2FOY9IoyIcg48HBzNKUZKb3mrp-M2_KwCVmIE4,https://docs.google.com/document/d/1zmx8a2FOY9IoyIcg48HBzNKUZKb3mrp-M2_KwCVmIE4/edit,"=HYPERLINK(""https://docs.google.com/document/d/1zmx8a2FOY9IoyIcg48HBzNKUZKb3mrp-M2_KwCVmIE4/edit"",""Abrir"")",Não iniciado,,,,
Manifesto de carga,Aeronave,Alta,PIC + Base,"MGO 8.3, MGO 8.6, Anexo 13-B",135/document_pack/29_manifesto_de_carga.md,FRM-EXT-029,Controle técnico-operacional da aeronave,PILOTO + DISPATCH + BASE,Drive/OPS/Formularios_Vigentes + copia a bordo (quando aplicável),"Drive/OPS/Arquivo_Morto + Base (via física, se aplicável)",60 meses,1yul_XrvVWRnV3mdF92YqE6vIbjexcrxleRT9Y2Hl28U,https://docs.google.com/document/d/1yul_XrvVWRnV3mdF92YqE6vIbjexcrxleRT9Y2Hl28U/edit,"=HYPERLINK(""https://docs.google.com/document/d/1yul_XrvVWRnV3mdF92YqE6vIbjexcrxleRT9Y2Hl28U/edit"",""Abrir"")",Não iniciado,,,,
Biblioteca técnica AFM/POH e suplementos,Aeronave,Alta,DOPS + Manutenção,"MGO 1.3, SOP 1.3, SOP 4.3",135/document_pack/30_biblioteca_tcnica_afm_poh_e_suplementos.md,FRM-EXT-030,Controle técnico-operacional da aeronave,PILOTO + DISPATCH + BASE,Drive/OPS/Formularios_Vigentes + copia a bordo (quando aplicável),"Drive/OPS/Arquivo_Morto + Base (via física, se aplicável)",36 meses,1lIQfr3lGNMHpB2aNGPagngKNW9wqPDC0LFhJJYhw80w,https://docs.google.com/document/d/1lIQfr3lGNMHpB2aNGPagngKNW9wqPDC0LFhJJYhw80w/edit,"=HYPERLINK(""https://docs.google.com/document/d/1lIQfr3lGNMHpB2aNGPagngKNW9wqPDC0LFhJJYhw80w/edit"",""Abrir"")",Não iniciado,,,,
Registro de STCs e modificações,Aeronave,Alta,Manutenção,"MGO 1.3, MGM 1.10, SOP 4.3",135/document_pack/31_registro_de_stcs_e_modificaes.md,FRM-EXT-031,Controle técnico-operacional da aeronave,DISPATCH + MANUTENÇÃO,Drive/OPS/Aeronaves/Formularios_Vigentes,Drive/SGQ/Arquivo_Morto + backup NAS_SGQ,36 meses,1jaSgdzsSOt717hUlgVVLhujC8fVAxblkt_nwxyYKm5Q,https://docs.google.com/document/d/1jaSgdzsSOt717hUlgVVLhujC8fVAxblkt_nwxyYKm5Q/edit,"=HYPERLINK(""https://docs.google.com/document/d/1jaSgdzsSOt717hUlgVVLhujC8fVAxblkt_nwxyYKm5Q/edit"",""Abrir"")",Não iniciado,,,,
"Controle de ICAs, SB e AD por aeronave",Aeronave,Alta,OM 145 + Coord. interno,"MGM 1.10, MGM 1.11",135/document_pack/32_controle_de_icas_sb_e_ad_por_aeronave.md,FRM-EXT-032,Controle técnico-operacional da aeronave,DISPATCH + MANUTENÇÃO,Drive/OPS/Aeronaves/Formularios_Vigentes,Drive/SGQ/Arquivo_Morto + backup NAS_SGQ,36 meses,1ve3RzQJC5M-N8F_h5xM4D_UFv-houAyoo_ffBRh9fA0,https://docs.google.com/document/d/1ve3RzQJC5M-N8F_h5xM4D_UFv-houAyoo_ffBRh9fA0/edit,"=HYPERLINK(""https://docs.google.com/document/d/1ve3RzQJC5M-N8F_h5xM4D_UFv-houAyoo_ffBRh9fA0/edit"",""Abrir"")",Não iniciado,,,,
Cadastro de prestadores contratados (OM 145 e fornecedores),Manutenção,Alta,GR + DOPS,"SOP 1.6.1, MGM 1.8, MGM 2.2",135/document_pack/33_cadastro_de_prestadores_contratados.md,FRM-EXT-033,Rastreabilidade de manutenção e aeronavegabilidade,MANUTENÇÃO + GESTÃO,Drive/MNT/Controle_Tecnico/Formularios_Vigentes,Drive/MNT/Arquivo_Morto + backup NAS_MNT + pasta física OM145,36 meses,12bP-TXNeUkGhTgeyuq7I9IEXaGO2-s5r84sjFQaFQzc,https://docs.google.com/document/d/12bP-TXNeUkGhTgeyuq7I9IEXaGO2-s5r84sjFQaFQzc/edit,"=HYPERLINK(""https://docs.google.com/document/d/12bP-TXNeUkGhTgeyuq7I9IEXaGO2-s5r84sjFQaFQzc/edit"",""Abrir"")",Não iniciado,,,,
Contratos de manutenção e SLAs,Manutenção,Alta,GR,"MGM 1.4.1, MGM 1.10",135/document_pack/34_contratos_de_manuteno_e_slas.md,FRM-EXT-034,Rastreabilidade de manutenção e aeronavegabilidade,MANUTENÇÃO + GESTÃO,Drive/MNT/Controle_Tecnico/Formularios_Vigentes,Drive/MNT/Arquivo_Morto + backup NAS_MNT + pasta física OM145,60 meses após término contratual,1wlrfQSiS6VUudceyeC0FzZEdN3-WbrHOu9JknfrFkcE,https://docs.google.com/document/d/1wlrfQSiS6VUudceyeC0FzZEdN3-WbrHOu9JknfrFkcE/edit,"=HYPERLINK(""https://docs.google.com/document/d/1wlrfQSiS6VUudceyeC0FzZEdN3-WbrHOu9JknfrFkcE/edit"",""Abrir"")",Não iniciado,,,,
Matriz de inspeções periódicas,Manutenção,Alta,Manutenção,"MGM 1.3, MGM 1.9",135/document_pack/35_matriz_de_inspees_peridicas.md,FRM-EXT-035,Rastreabilidade de manutenção e aeronavegabilidade,MANUTENÇÃO + GESTÃO,Drive/MNT/Controle_Tecnico/Formularios_Vigentes,Drive/MNT/Arquivo_Morto + backup NAS_MNT + pasta física OM145,36 meses,16vx5Nl0jHULrAYEc_B-XZKCum81I-7wFiOcZNk7CLhw,https://docs.google.com/document/d/16vx5Nl0jHULrAYEc_B-XZKCum81I-7wFiOcZNk7CLhw/edit,"=HYPERLINK(""https://docs.google.com/document/d/16vx5Nl0jHULrAYEc_B-XZKCum81I-7wFiOcZNk7CLhw/edit"",""Abrir"")",Não iniciado,,,,
Plano de manutenção controlado,Manutenção,Alta,Manutenção,"MGM 1.3, MGM 1.7, MGM 1.9",135/document_pack/36_plano_de_manuteno_controlado.md,FRM-EXT-036,Rastreabilidade de manutenção e aeronavegabilidade,MANUTENÇÃO + GESTÃO,Drive/MNT/Controle_Tecnico/Formularios_Vigentes,Drive/MNT/Arquivo_Morto + backup NAS_MNT + pasta física OM145,36 meses,1ZZJFFaJcMt37bJIxgK82btckKQB3beYzNAdeUl7Yrq0,https://docs.google.com/document/d/1ZZJFFaJcMt37bJIxgK82btckKQB3beYzNAdeUl7Yrq0/edit,"=HYPERLINK(""https://docs.google.com/document/d/1ZZJFFaJcMt37bJIxgK82btckKQB3beYzNAdeUl7Yrq0/edit"",""Abrir"")",Não iniciado,,,,
Registros de manutenção e retorno ao serviço,Manutenção,Alta,OM 145 + Coord. interno,"MGM 1.5, MGM 1.7, MGO 7-9",135/document_pack/37_registros_de_manuteno_e_retorno_ao_servio.md,FRM-EXT-037,Rastreabilidade de manutenção e aeronavegabilidade,MANUTENÇÃO + GESTÃO,Drive/MNT/Controle_Tecnico/Formularios_Vigentes,Drive/MNT/Arquivo_Morto + backup NAS_MNT + pasta física OM145,36 meses,1_mwCjN-XQPFYlEn_a_4NjzP2dgZJoItS-Wp07AJta3c,https://docs.google.com/document/d/1_mwCjN-XQPFYlEn_a_4NjzP2dgZJoItS-Wp07AJta3c/edit,"=HYPERLINK(""https://docs.google.com/document/d/1_mwCjN-XQPFYlEn_a_4NjzP2dgZJoItS-Wp07AJta3c/edit"",""Abrir"")",Não iniciado,,,,
Formulários técnicos controlados,Manutenção,Média,Manutenção,"MGM 1.3, MGM 1.8, MGM 1.9",135/document_pack/38_formulrios_tcnicos_controlados.md,FRM-EXT-038,Rastreabilidade de manutenção e aeronavegabilidade,MANUTENÇÃO + GESTÃO,Drive/MNT/Controle_Tecnico/Formularios_Vigentes,Drive/MNT/Arquivo_Morto + backup NAS_MNT + pasta física OM145,36 meses,1wQ8CrKKKxaas8yfMfUOjuugKqn3Ml-r8gO378p-HZfw,https://docs.google.com/document/d/1wQ8CrKKKxaas8yfMfUOjuugKqn3Ml-r8gO378p-HZfw/edit,"=HYPERLINK(""https://docs.google.com/document/d/1wQ8CrKKKxaas8yfMfUOjuugKqn3Ml-r8gO378p-HZfw/edit"",""Abrir"")",Não iniciado,,,,
Procedimento de mal súbito/falecimento a bordo,Operações especiais,Média,DOPS,SOP 1.5,135/document_pack/39_procedimento_de_mal_sbito_falecimento_a_bordo.md,FRM-EXT-039,Gestão de cenários operacionais especiais,DISPATCH + PILOTO (quando aplicável),Drive/OPS/Formularios_Vigentes + copia a bordo (quando aplicável),"Drive/OPS/Arquivo_Morto + Base (via física, se aplicável)",36 meses,1Bd1hTF60XD2o4l_v8ACL-365K4EC8OXvsTgyvQCKhg0,https://docs.google.com/document/d/1Bd1hTF60XD2o4l_v8ACL-365K4EC8OXvsTgyvQCKhg0/edit,"=HYPERLINK(""https://docs.google.com/document/d/1Bd1hTF60XD2o4l_v8ACL-365K4EC8OXvsTgyvQCKhg0/edit"",""Abrir"")",Não iniciado,,,,
Declarações e programas específicos aplicáveis (PPSP/PSOA etc.),Programas,Média,GR + DOPS,"SOP 1.5, MGO 2.4",135/document_pack/40_declaraes_e_programas_especficos_aplicveis.md,FRM-EXT-040,Gestão de programas e declarações aplicáveis,GESTÃO + QUALIDADE,Drive/SGQ/Documentos_Controlados/Formularios_Vigentes,Drive/SGQ/Arquivo_Morto + backup NAS_SGQ,36 meses,1H94PFvKh7ewcsQRFWHzCuWfBcgfpcS9y-0IN3YBiOU0,https://docs.google.com/document/d/1H94PFvKh7ewcsQRFWHzCuWfBcgfpcS9y-0IN3YBiOU0/edit,"=HYPERLINK(""https://docs.google.com/document/d/1H94PFvKh7ewcsQRFWHzCuWfBcgfpcS9y-0IN3YBiOU0/edit"",""Abrir"")",Não iniciado,,,,
